{
  "version": 1,
  "author": "Anonymous maker",
  "editor": "wokwi",
  "parts": [
    { "type": "wokwi-breadboard-half", "id": "bb1", "top": -185.4, "left": -16.4, "attrs": {} },
    { "type": "wokwi-arduino-uno", "id": "uno", "top": 61.84, "left": -7.72, "attrs": {} },
    { "type": "wokwi-7segment", "id": "sevseg1", "top": -119.82, "left": 120.28, "attrs": {} }
  ],
  "connections": [
    [ "bb1:16t.b", "uno:2", "red", [ "h101.41", "v173.15", "h-26.23" ] ],
    [ "sevseg1:C", "uno:4", "gold", [ "v20.93", "h54.87", "v97.91" ] ],
    [ "sevseg1:E", "uno:6", "blue", [ "v55.43", "h65.22", "v63.41" ] ],
    [ "bb1:bp.1", "uno:5V", "purple", [ "h-52.23", "v252.44" ] ],
    [ "bb1:bn.2", "uno:GND.3", "cyan", [ "h-87.51", "v242.44" ] ],
    [ "sevseg1:COM.1", "bb1:bp.12", "green", [ "h0" ] ],
    [ "sevseg1:B", "uno:3", "orange", [ "h57.31", "v186.88" ] ],
    [ "sevseg1:D", "uno:5", "green", [ "v41.79", "h65.25", "v77.05" ] ],
    [ "sevseg1:COM.1", "bb1:15b.h", "", [ "$bb" ] ],
    [ "sevseg1:COM.2", "bb1:15t.c", "", [ "$bb" ] ],
    [ "sevseg1:A", "bb1:16t.c", "", [ "$bb" ] ],
    [ "sevseg1:B", "bb1:17t.c", "", [ "$bb" ] ],
    [ "sevseg1:C", "bb1:16b.h", "", [ "$bb" ] ],
    [ "sevseg1:D", "bb1:14b.h", "", [ "$bb" ] ],
    [ "sevseg1:E", "bb1:13b.h", "", [ "$bb" ] ],
    [ "sevseg1:F", "bb1:14t.c", "", [ "$bb" ] ],
    [ "sevseg1:G", "bb1:13t.c", "", [ "$bb" ] ],
    [ "sevseg1:DP", "bb1:17b.h", "", [ "$bb" ] ],
    [ "sevseg1:F", "uno:7", "violet", [ "h-34.24", "v137.11", "h81.12" ] ],
    [ "sevseg1:G", "uno:8", "gray", [ "v-9.71", "h-41.49", "v163.85", "h81.97" ] ],
    [ "uno:9", "sevseg1:DP", "white", [ "h-0.56", "v-118.84" ] ]
  ],
  "dependencies": {}
}